[{"model": "pages.tournoi", "pk": 1, "fields": {"name": "Monde 2022", "location": "Qatar", "date_start": "2022-11-20", "date_end": "2022-12-18"}}, {"model": "pages.tournoi", "pk": 2, "fields": {"name": "Monde 2018", "location": "Russe", "date_start": "2018-06-14", "date_end": "2018-07-15"}}, {"model": "pages.poule", "pk": 1, "fields": {"number": "1", "tournoi": 1, "equipes": [1, 2, 3, 4]}}, {"model": "pages.poule", "pk": 2, "fields": {"number": "2", "tournoi": 1, "equipes": [5, 7, 8, 9]}}, {"model": "pages.poule", "pk": 3, "fields": {"number": "3", "tournoi": 1, "equipes": [6, 10, 11, 12]}}, {"model": "pages.poule", "pk": 4, "fields": {"number": "4", "tournoi": 1, "equipes": [13, 14, 15, 16]}}, {"model": "pages.match", "pk": 3, "fields": {"time": "2022-11-29T20:00:00Z", "location": "Qatar", "score1": 2, "score2": 0, "equipe1": 4, "equipe2": 1, "poule": 1}}, {"model": "pages.match", "pk": 4, "fields": {"time": "2022-11-20T20:00:00Z", "location": "Qatar", "score1": 0, "score2": 2, "equipe1": 1, "equipe2": 2, "poule": 1}}, {"model": "pages.match", "pk": 5, "fields": {"time": "2022-11-21T20:00:00Z", "location": "Qatar", "score1": 6, "score2": 2, "equipe1": 5, "equipe2": 7, "poule": 2}}, {"model": "pages.match", "pk": 6, "fields": {"time": "2022-11-21T20:00:00Z", "location": "Qatar", "score1": 0, "score2": 2, "equipe1": 3, "equipe2": 4, "poule": 1}}, {"model": "pages.match", "pk": 7, "fields": {"time": "2022-11-21T20:00:00Z", "location": "Qatar", "score1": 1, "score2": 1, "equipe1": 8, "equipe2": 9, "poule": 2}}, {"model": "pages.match", "pk": 8, "fields": {"time": "2022-11-22T20:00:00Z", "location": "Qatar", "score1": 1, "score2": 2, "equipe1": 6, "equipe2": 10, "poule": 3}}, {"model": "pages.match", "pk": 9, "fields": {"time": "2022-11-22T20:00:00Z", "location": "Qatar", "score1": 0, "score2": 0, "equipe1": 15, "equipe2": 16, "poule": 4}}, {"model": "pages.match", "pk": 10, "fields": {"time": "2022-11-22T20:00:00Z", "location": "Qatar", "score1": 0, "score2": 0, "equipe1": 11, "equipe2": 12, "poule": 3}}, {"model": "pages.match", "pk": 11, "fields": {"time": "2022-11-22T20:00:00Z", "location": "Qatar", "score1": 4, "score2": 1, "equipe1": 13, "equipe2": 14, "poule": 4}}, {"model": "pages.match", "pk": 12, "fields": {"time": "2022-11-25T20:00:00Z", "location": "Qatar", "score1": 0, "score2": 2, "equipe1": 9, "equipe2": 7, "poule": 2}}, {"model": "pages.match", "pk": 13, "fields": {"time": "2022-11-25T20:00:00Z", "location": "Qatar", "score1": 1, "score2": 3, "equipe1": 1, "equipe2": 3, "poule": 1}}, {"model": "pages.match", "pk": 14, "fields": {"time": "2022-11-25T20:00:00Z", "location": "Qatar", "score1": 1, "score2": 1, "equipe1": 4, "equipe2": 2, "poule": 1}}, {"model": "pages.match", "pk": 15, "fields": {"time": "2022-11-25T20:00:00Z", "location": "Qatar", "score1": 0, "score2": 0, "equipe1": 5, "equipe2": 8, "poule": 2}}, {"model": "pages.match", "pk": 16, "fields": {"time": "2022-11-26T20:00:00Z", "location": "Qatar", "score1": 0, "score2": 1, "equipe1": 16, "equipe2": 14, "poule": 4}}, {"model": "pages.match", "pk": 17, "fields": {"time": "2022-11-26T20:00:00Z", "location": "Qatar", "score1": 2, "score2": 0, "equipe1": 12, "equipe2": 10, "poule": 3}}, {"model": "pages.match", "pk": 18, "fields": {"time": "2022-11-26T20:00:00Z", "location": "Qatar", "score1": 2, "score2": 1, "equipe1": 13, "equipe2": 15, "poule": 4}}, {"model": "pages.match", "pk": 19, "fields": {"time": "2022-11-26T20:00:00Z", "location": "Qatar", "score1": 2, "score2": 0, "equipe1": 6, "equipe2": 11, "poule": 3}}, {"model": "pages.match", "pk": 21, "fields": {"time": "2022-11-29T20:00:00Z", "location": "Qatar", "score1": 1, "score2": 1, "equipe1": 2, "equipe2": 3, "poule": 1}}, {"model": "pages.match", "pk": 23, "fields": {"time": "2022-11-29T20:00:00Z", "location": "Qatar", "score1": 0, "score2": 1, "equipe1": 7, "equipe2": 8, "poule": 2}}, {"model": "pages.match", "pk": 24, "fields": {"time": "2022-11-29T20:00:00Z", "location": "Qatar", "score1": 0, "score2": 3, "equipe1": 9, "equipe2": 5, "poule": 2}}, {"model": "pages.match", "pk": 25, "fields": {"time": "2022-11-30T20:00:00Z", "location": "Qatar", "score1": 1, "score2": 0, "equipe1": 16, "equipe2": 13, "poule": 4}}, {"model": "pages.match", "pk": 26, "fields": {"time": "2022-11-30T20:00:00Z", "location": "Qatar", "score1": 1, "score2": 2, "equipe1": 10, "equipe2": 11, "poule": 3}}, {"model": "pages.match", "pk": 27, "fields": {"time": "2022-11-30T20:00:00Z", "location": "Qatar", "score1": 0, "score2": 2, "equipe1": 12, "equipe2": 6, "poule": 3}}, {"model": "pages.match", "pk": 28, "fields": {"time": "2022-11-30T20:00:00Z", "location": "Qatar", "score1": 1, "score2": 0, "equipe1": 14, "equipe2": 15, "poule": 4}}, {"model": "pages.equipe", "pk": 1, "fields": {"name": "Qatar", "coach_name": "a"}}, {"model": "pages.equipe", "pk": 2, "fields": {"name": "Equateur", "coach_name": "a"}}, {"model": "pages.equipe", "pk": 3, "fields": {"name": "Sénégal", "coach_name": "a"}}, {"model": "pages.equipe", "pk": 4, "fields": {"name": "Pays-Bas", "coach_name": "a"}}, {"model": "pages.equipe", "pk": 5, "fields": {"name": "Angleterre", "coach_name": "a"}}, {"model": "pages.equipe", "pk": 6, "fields": {"name": "Argentine", "coach_name": "a"}}, {"model": "pages.equipe", "pk": 7, "fields": {"name": "Iran", "coach_name": "a"}}, {"model": "pages.equipe", "pk": 8, "fields": {"name": "USA", "coach_name": "a"}}, {"model": "pages.equipe", "pk": 9, "fields": {"name": "Pays de Galles", "coach_name": "a"}}, {"model": "pages.equipe", "pk": 10, "fields": {"name": "Arabie saoudite", "coach_name": "a"}}, {"model": "pages.equipe", "pk": 11, "fields": {"name": "Mexique", "coach_name": "a"}}, {"model": "pages.equipe", "pk": 12, "fields": {"name": "Pologne", "coach_name": "a"}}, {"model": "pages.equipe", "pk": 13, "fields": {"name": "France", "coach_name": "a"}}, {"model": "pages.equipe", "pk": 14, "fields": {"name": "Australie", "coach_name": "a"}}, {"model": "pages.equipe", "pk": 15, "fields": {"name": "Danemark", "coach_name": "a"}}, {"model": "pages.equipe", "pk": 16, "fields": {"name": "Tunisie", "coach_name": "a"}}, {"model": "pages.comment", "pk": 1, "fields": {"match": 3, "body": "good", "time": "2023-04-21T12:53:52.347Z", "user": "aaa"}}, {"model": "pages.comment", "pk": 2, "fields": {"match": 3, "body": "good", "time": "2023-04-21T13:13:56.664Z", "user": "bb"}}, {"model": "pages.comment", "pk": 3, "fields": {"match": 3, "body": "Ohhh,no", "time": "2023-04-21T13:14:14.825Z", "user": "g.sun"}}, {"model": "auth.user", "pk": 2, "fields": {"password": "pbkdf2_sha256$600000$3C6WMmJMLjUQmfbw9jJyja$1pwTjIwwcA224YHl0S/jDcDy/LGWtLIqQGWXcrn8E18=", "last_login": "2023-04-21T12:51:46.435Z", "is_superuser": true, "username": "admin", "first_name": "", "last_name": "", "email": "admin@admin.com", "is_staff": true, "is_active": true, "date_joined": "2023-04-20T12:48:00.501Z", "groups": [], "user_permissions": []}}, {"model": "auth.user", "pk": 4, "fields": {"password": "pbkdf2_sha256$600000$vP9YSz6yB004dRoFXLiApF$vN4tdAUoaMScBJADGJFWDgqeCGMjhN9ukNYcbZ3q2QI=", "last_login": "2023-04-21T14:21:21.609Z", "is_superuser": false, "username": "guowei@gmail.com", "first_name": "", "last_name": "", "email": "", "is_staff": false, "is_active": true, "date_joined": "2023-04-21T12:07:20.628Z", "groups": [], "user_permissions": []}}]